000001.jpeg,1
000002.jpeg ,1
000003.jpeg ,1
000004.jpeg ,1
000005.jpeg ,1
000006.jpeg ,1
000007.jpeg ,1
000008.jpeg ,1
000009.jpeg ,1
000010.jpeg ,1
000011.jpeg ,1
000012.jpeg ,1
000013.jpeg ,1
000014.jpeg ,1
000015.jpeg ,1
000016.jpeg ,1
000017.jpeg ,1
000018.jpeg,1
000019.jpeg ,1
000020.jpeg ,1
000021.jpeg ,1
000022.jpeg ,1
000023.jpeg,1
000024.jpeg ,1
000025.jpeg ,1
000026.jpeg ,1
000027.jpeg ,1
000028.jpeg ,1
000029.jpeg ,1
000030.jpeg ,1
000031.jpeg ,1
000032.jpeg,1
000033.jpg ,0
000034.jpg ,0
000035.jpg ,0
000036.jpg,0
000037.jpg ,0
000038.jpg ,0
000039.jpg ,0
000040.jpg ,0
000041.jpg,0
000042.jpg ,0
000043.jpg ,0
000044.jpg ,0
000045.jpg ,0
000046.jpg ,0
000047.jpg ,0
000048.jpg ,0
000049.jpg ,0
000050.jpg ,0
000051.jpg ,0
000052.jpg,0
000053.jpg ,0
000054.jpg ,0
000055.jpg ,0
000056.jpg ,0
000057.jpg ,0
000058.jpg ,0
000059.jpg ,0
000060.jpg,0
000061.jpg ,0
000062.jpg ,0
000063.jpg  ,0
000064.jpg  ,0
000065.jpg  ,0
000066.jpg  ,0
000067.jpg  ,0
000068.jpg  ,0
000069.jpg  ,0
000070.jpg  ,0
000071.jpg  ,0
000072.jpg,0
000073.jpg,0
000074.jpg,0
000075.jpg ,0
000076.jpg ,0
000077.jpg ,0
000078.jpg ,0
000079.jpg ,0
000080.jpg,0
